,team,name,position,price_trend,count,mean,std,min,25%,50%,75%,max,relative_deviation,mode
156,Real Madrid,Daniel Carvajal,DEF,upward,8.0,5.875,2.799872446074234,2.0,3.75,6.0,8.0,10.0,47.65740333743377,8.0
21,Athletic,Óscar De Marcos,DEF,upward,22.0,4.7727272727272725,2.671397319075475,1.0,2.0,5.0,7.0,10.0,55.972134304438526,2.0
237,Barcelona,Íñigo Martínez,DEF,upward,24.0,6.208333333333333,3.488853887636363,1.0,3.0,6.0,8.25,14.0,56.19630423038438,3.0
23,Villarreal,Juan Foyth,DEF,upward,13.0,5.923076923076923,3.4024877776302263,1.0,3.0,6.0,8.0,11.0,57.444598843107705,2.0
6,Athletic,Unai Núñez,DEF,upward,7.0,5.857142857142857,3.38765264987284,1.0,4.0,6.0,7.5,11.0,57.83797207099971,6.0
53,Sevilla,Nemanja Gudelj,DEF,upward,25.0,4.52,2.7404379212089442,0.0,2.0,5.0,6.0,10.0,60.62915754887045,6.0
348,Getafe,Omar Alderete,DEF,upward,28.0,5.5,3.3719979789985595,-1.0,3.75,5.5,7.25,13.0,61.30905416361018,6.0
197,Mallorca,Pablo Maffeo,DEF,upward,25.0,4.76,2.9619813188697415,-1.0,2.0,5.0,6.0,11.0,62.22649829558281,6.0
152,Real Madrid,Raúl Asencio,DEF,upward,17.0,4.764705882352941,2.969204686542885,0.0,2.0,5.0,6.0,12.0,62.31664156941857,2.0
363,Real Sociedad,Nayef Aguerd,DEF,upward,20.0,5.35,3.34467369189629,1.0,2.75,6.0,8.0,12.0,62.51726526908953,3.0
297,Betis,Marc Bartra,DEF,upward,19.0,5.7894736842105265,3.7055356093346052,-1.0,3.5,6.0,8.0,13.0,64.00470597941592,6.0
22,Athletic,Yeray Álvarez,DEF,upward,18.0,7.0,4.563280553698699,2.0,3.0,6.5,9.75,18.0,65.1897221956957,3.0
407,Rayo,Abdul Mumin,DEF,upward,24.0,5.333333333333333,3.4974110507589775,-2.0,3.0,4.5,8.25,11.0,65.57645720173083,4.0
20,Athletic,Dani Vivian,DEF,upward,25.0,6.8,4.4628092796652945,-1.0,4.0,5.0,10.0,18.0,65.62954823037198,5.0
190,Mallorca,Martin Valjent,DEF,upward,25.0,5.4,3.570714214271425,-1.0,3.0,5.0,8.0,12.0,66.12433730132268,5.0
208,Mallorca,Antonio Raíllo,DEF,upward,29.0,6.137931034482759,4.189477788213113,-3.0,4.0,6.0,9.0,13.0,68.25553699897768,5.0
93,Espanyol,Marash Kumbulla,DEF,upward,28.0,5.035714285714286,3.5222272294791908,0.0,3.0,4.5,7.0,14.0,69.94493789036692,4.0
290,Betis,Diego Javier Llorente,DEF,upward,30.0,5.5,3.8840966641616586,0.0,3.0,5.0,7.75,17.0,70.61993934839379,3.0
4,Athletic,Aitor Paredes,DEF,upward,19.0,5.526315789473684,3.921003571261821,0.0,3.0,5.0,7.0,16.0,70.95149319426153,3.0
47,Sevilla,Loïc Badé,DEF,upward,26.0,5.038461538461538,3.594226139026527,-2.0,3.0,6.0,7.0,11.0,71.33578596541199,6.0
423,Rayo,Andrei Ratiu,DEF,upward,29.0,5.862068965517241,4.248732062384145,0.0,2.0,5.0,9.0,14.0,72.47837047596484,4.0
441,Celta,Sergio Carreira,DEF,upward,18.0,3.9444444444444446,2.858881357170858,-1.0,2.0,4.5,5.75,9.0,72.47868229447245,5.0
255,Barcelona,Jules Koundé,DEF,upward,31.0,5.161290322580645,3.8043551726369995,-1.0,2.0,5.0,7.0,14.0,73.70938146984187,2.0
178,Atlético,José María Giménez,DEF,upward,25.0,5.12,3.7784476530271878,-1.0,3.0,5.0,9.0,12.0,73.79780572318725,3.0
116,Valencia,José Gayà,DEF,upward,17.0,5.0,3.69120576505835,-2.0,2.0,6.0,8.0,10.0,73.824115301167,2.0
323,Leganés,Jorge Sáenz,DEF,upward,16.0,5.4375,4.114506855829343,-1.0,2.75,5.0,7.0,12.0,75.66909160145919,3.0
260,Barcelona,Pau Cubarsí,DEF,upward,30.0,5.033333333333333,3.8906017027184117,-2.0,2.0,4.5,7.0,13.0,77.29672257056447,2.0
294,Betis,Héctor Bellerín,DEF,upward,7.0,4.714285714285714,3.817254061682111,-2.0,3.0,5.0,7.5,9.0,80.97205585386295,-2.0
123,Valencia,César Tárrega,DEF,upward,28.0,4.964285714285714,4.032113156638403,-4.0,2.0,5.0,7.25,12.0,81.22242329919087,5.0
170,Atlético,Clément Lenglet,DEF,upward,19.0,5.157894736842105,4.206650262708862,-2.0,3.0,5.0,6.5,16.0,81.5575050933351,3.0
192,Mallorca,Johan Mojica,DEF,upward,29.0,4.931034482758621,4.242060099954457,-5.0,2.0,5.0,8.0,13.0,86.02779223683864,8.0
153,Real Madrid,Éder Militão,DEF,upward,12.0,6.083333333333333,5.350587619952399,-3.0,2.0,5.5,8.25,16.0,87.95486498551888,2.0
446,Celta,Marcos Alonso,DEF,upward,25.0,5.68,5.0474415961620265,-1.0,1.0,5.0,9.0,17.0,88.86340838313427,1.0
328,Leganés,Sergio González,DEF,upward,30.0,4.7,4.276237469616453,-4.0,2.25,4.5,6.0,18.0,90.98377594928624,3.0
161,Real Madrid,Aurélien Tchouaméni,MED,upward,26.0,5.115384615384615,2.0065278084676144,2.0,4.0,5.0,6.0,9.0,39.225355654254116,5.0
245,Barcelona,Pedri González,MED,upward,30.0,7.4,3.568057522344423,2.0,5.25,7.0,8.75,16.0,48.2169935451949,7.0
143,Real Madrid,Dani Ceballos,MED,upward,16.0,4.9375,2.7681221071332818,2.0,2.0,4.5,7.25,10.0,56.063232549534824,2.0
45,Villarreal,Álex Baena,MED,upward,27.0,7.481481481481482,4.273085449562092,0.0,4.0,7.0,10.5,15.0,57.11549858325567,7.0
179,Atlético,Pablo Barrios,MED,upward,25.0,5.28,3.1559467676119004,-2.0,2.0,6.0,7.0,12.0,59.771719083558715,2.0
147,Real Madrid,Federico Valverde,MED,upward,29.0,7.241379310344827,4.339644261373383,0.0,5.0,6.0,8.0,18.0,59.928420752299104,6.0
357,Real Sociedad,Martín Zubimendi,MED,upward,30.0,5.2,3.1447822138287718,1.0,3.0,5.0,7.0,14.0,60.476581035168685,6.0
2,Athletic,Álex Berenguer,MED,upward,30.0,6.033333333333333,3.7644739828847396,2.0,3.0,5.0,8.0,19.0,62.39459640140452,2.0
378,Real Sociedad,Luka Sucic,MED,upward,22.0,5.2272727272727275,3.2940323845781103,1.0,2.25,5.0,6.0,12.0,63.01627170497254,2.0
127,Valencia,Enzo Barrenechea,MED,upward,24.0,4.416666666666667,2.7962189792128482,0.0,2.0,4.5,5.5,11.0,63.31061839727204,5.0
315,Leganés,Seydouba Cisse,MED,upward,28.0,4.464285714285714,2.834733547569204,-1.0,2.0,4.5,7.0,11.0,63.49803146555018,5.0
88,Osasuna,Rubén García,MED,upward,30.0,5.466666666666667,3.481313003722167,1.0,3.0,4.5,7.0,13.0,63.6825549461372,3.0
356,Getafe,Luis Milla,MED,upward,27.0,6.111111111111111,3.945136571033069,-1.0,3.0,5.0,9.0,17.0,64.55678025326841,9.0
375,Real Sociedad,Sergio Gómez,MED,upward,30.0,6.033333333333333,3.899454721680556,0.0,3.0,6.0,8.0,19.0,64.63184621569982,2.0
15,Athletic,Nico Williams,MED,upward,27.0,6.592592592592593,4.281078757467016,1.0,3.0,7.0,8.0,19.0,64.93771148966823,7.0
144,Real Madrid,Jude Bellingham,MED,upward,25.0,7.36,4.786090958879351,0.0,4.0,7.0,12.0,17.0,65.02840976738248,3.0
303,Betis,Isco Alarcón,MED,upward,15.0,7.933333333333334,5.243590191389684,1.0,3.5,7.0,10.5,19.0,66.09567468138256,3.0
186,Atlético,Marcos Llorente,MED,upward,26.0,5.884615384615385,3.9225188139961604,-1.0,3.0,5.5,8.75,16.0,66.65718246006547,2.0
52,Sevilla,Chidera Ejuke,MED,upward,21.0,5.095238095238095,3.419133836291904,1.0,2.0,5.0,8.0,12.0,67.10449585245793,2.0
275,Alavés,Carlos Vicente,MED,upward,30.0,5.866666666666666,4.02349422108774,1.0,3.0,5.0,8.0,16.0,68.5822878594501,2.0
314,Leganés,Juan Cruz,MED,upward,30.0,5.433333333333334,3.7387378778860962,0.0,3.0,4.5,7.75,15.0,68.81112658686067,4.0
300,Betis,Johnny Cardoso,MED,upward,23.0,5.3478260869565215,3.7247171418191294,0.0,2.5,5.0,7.0,15.0,69.64918232669916,4.0
49,Sevilla,Djibril Sow,MED,upward,25.0,4.64,3.3025242870668894,-1.0,2.0,5.0,6.0,14.0,71.17509239368297,6.0
377,Real Sociedad,Takefusa Kubo,MED,upward,29.0,5.517241379310345,4.014444363395516,-1.0,3.0,5.0,8.0,14.0,72.76180408654372,3.0
7,Athletic,Íñigo Ruiz de Galarreta,MED,upward,20.0,5.05,3.748332962798263,0.0,1.75,5.0,7.0,14.0,74.22441510491609,1.0
11,Athletic,Oihan Sancet,MED,upward,23.0,7.956521739130435,5.9503877709361035,1.0,3.0,8.0,9.5,24.0,74.78629438881443,2.0
29,Villarreal,Pape Gueye,MED,upward,26.0,4.461538461538462,3.722695466790366,-2.0,2.0,4.5,6.0,15.0,83.43972597978406,5.0
110,Espanyol,Urko González de Zarate,MED,upward,10.0,4.4,3.687817782917155,0.0,0.5,5.0,7.5,9.0,83.81404052084443,0.0
292,Betis,Giovani Lo Celso,MED,upward,19.0,6.7894736842105265,6.005358231228185,0.0,2.5,6.0,8.5,21.0,88.45101270801202,0.0
242,Barcelona,Lamine Yamal,DEL,upward,28.0,9.785714285714286,3.4357288606979455,3.0,7.0,10.0,12.25,15.0,35.10963799253375,7.0
60,Sevilla,Dodi Lukebakio,DEL,upward,31.0,7.32258064516129,3.902025941945146,2.0,4.0,6.0,9.0,17.0,53.287578942863234,4.0
302,Betis,Cucho Hernández,DEL,upward,8.0,6.0,3.295017884191656,2.0,3.0,6.0,7.75,11.0,54.916964736527596,3.0
158,Real Madrid,Kylian Mbappé,DEL,upward,29.0,10.03448275862069,5.558023535013462,-2.0,6.0,10.0,15.0,20.0,55.38923797779739,2.0
51,Sevilla,Rubén Vargas,DEL,upward,11.0,5.181818181818182,3.060005941764879,0.0,3.0,5.0,7.5,9.0,59.052746244585386,2.0
327,Leganés,Daniel Raba,DEL,upward,23.0,6.869565217391305,4.267257452510676,1.0,3.0,7.0,10.0,16.0,62.11830468844654,2.0
262,Barcelona,Robert Lewandowski,DEL,upward,30.0,8.633333333333333,5.442383690064957,2.0,4.0,8.0,12.25,20.0,63.03919332121571,2.0
295,Betis,Antony,DEL,upward,10.0,6.7,4.24394994210713,0.0,5.25,7.0,8.0,16.0,63.34253644936014,8.0
249,Barcelona,Raphinha,DEL,upward,29.0,9.241379310344827,5.877652425038134,0.0,6.0,9.0,12.0,26.0,63.60146280824846,6.0
125,Valencia,Diego López,DEL,upward,31.0,5.290322580645161,3.417538572199752,1.0,2.0,5.0,8.0,12.0,64.59981447450751,5.0
40,Villarreal,Gerard Moreno,DEL,upward,14.0,5.428571428571429,3.523859023511357,1.0,2.25,4.5,8.5,11.0,64.9131925383671,2.0
145,Real Madrid,Rodrygo Goes,DEL,upward,28.0,7.214285714285714,4.740348032676447,2.0,3.0,6.0,10.25,20.0,65.7077945123468,3.0
234,Las Palmas,Sandro Ramírez,DEL,upward,26.0,5.461538461538462,3.657657930761369,0.0,2.25,5.0,8.0,14.0,66.97120154915183,2.0
38,Villarreal,Ayoze Pérez,DEL,upward,23.0,6.869565217391305,4.703039131784767,1.0,2.0,6.0,11.0,15.0,68.46196204496812,2.0
176,Atlético,Antoine Griezmann,DEL,upward,31.0,6.387096774193548,4.417219482546599,1.0,3.0,5.0,11.0,16.0,69.15848684795182,2.0
185,Atlético,Julián Álvarez,DEL,upward,31.0,6.483870967741935,4.625083550538559,-1.0,3.0,5.0,9.5,16.0,71.33213436153997,4.0
141,Real Madrid,Vinicius Junior,DEL,upward,25.0,7.44,5.323532661682465,0.0,2.0,7.0,11.0,23.0,71.55285835594711,2.0
238,Barcelona,Dani Olmo,DEL,upward,18.0,7.333333333333333,5.790458683446924,2.0,2.25,4.5,11.75,19.0,78.9608002288217,2.0
216,Las Palmas,Fábio Silva,DEL,upward,23.0,5.608695652173913,4.4796421370338635,0.0,1.5,5.0,9.0,16.0,79.86958848975105,1.0
98,Espanyol,Roberto Fernández,DEL,upward,11.0,6.0,4.795831523312719,1.0,2.5,5.0,7.5,16.0,79.93052538854532,2.0
94,Espanyol,Javi Puado,DEL,upward,28.0,5.821428571428571,4.937037433961649,0.0,2.0,5.0,9.0,20.0,84.80800500056822,2.0
244,Barcelona,Marc-André ter Stegen,POR,upward,6.0,6.166666666666667,2.316606713852541,3.0,4.5,6.5,7.75,9.0,37.56659535977093,3.0
14,Athletic,Unai Simón,POR,upward,14.0,7.357142857142857,3.5215194023459393,2.0,5.0,6.0,9.75,14.0,47.86531226489627,5.0
241,Barcelona,Wojciech Szczesny,POR,upward,11.0,7.454545454545454,3.6156226673599763,2.0,5.0,7.0,10.5,13.0,48.50225529385334,6.0
3,Athletic,Julen Agirrezabala,POR,upward,14.0,6.571428571428571,3.251373336211726,0.0,5.0,6.5,9.0,13.0,49.4774203336567,9.0
183,Atlético,Jan Oblak,POR,upward,30.0,7.0,3.832708594768691,-1.0,4.0,7.5,9.75,13.0,54.752979925267006,9.0
246,Barcelona,Iñaki Peña,POR,upward,15.0,6.466666666666667,3.5830287799702694,-1.0,4.0,6.0,9.5,12.0,55.407661545931994,4.0
433,Celta,Vicente Guaita,POR,upward,27.0,6.222222222222222,3.456691763625728,1.0,3.0,6.0,8.5,14.0,55.553974772556344,3.0
43,Villarreal,Luiz Junior,POR,upward,10.0,6.0,3.39934634239519,1.0,4.25,5.5,9.0,11.0,56.655772373253164,5.0
340,Getafe,David Soria,POR,upward,31.0,6.129032258064516,3.490386181918088,1.0,3.0,5.0,8.5,14.0,56.94840612603197,5.0
160,Real Madrid,Thibaut Courtois,POR,upward,25.0,6.8,3.872983346207417,0.0,4.0,6.0,10.0,13.0,56.955637444226724,6.0
229,Las Palmas,Dinko Horkas,POR,downward,6.0,4.5,2.588435821108957,1.0,2.5,5.0,6.75,7.0,57.52079602464348,7.0
193,Mallorca,Dominik Greif,POR,upward,26.0,5.384615384615385,3.1378581622109443,2.0,3.0,4.5,7.0,11.0,58.27450872677468,2.0
39,Villarreal,Diego Conde,POR,upward,21.0,5.571428571428571,3.2491757196468853,0.0,3.0,6.0,7.0,12.0,58.31853855776461,7.0
374,Real Sociedad,Álex Remiro,POR,upward,30.0,6.566666666666666,4.082623677484127,-1.0,3.0,7.0,10.0,13.0,62.17193417488519,2.0
102,Espanyol,Joan Garcia,POR,upward,30.0,7.266666666666667,4.600849496772745,-1.0,4.25,6.0,11.5,18.0,63.31444261613869,6.0
83,Osasuna,Sergio Herrera,POR,upward,30.0,5.833333333333333,3.696068118992111,-2.0,3.25,6.5,8.0,13.0,63.361167754150486,8.0
477,Girona,Paulo Gazzaniga,POR,upward,31.0,5.354838709677419,3.57349863202972,1.0,3.0,5.0,7.0,16.0,66.73401059814537,5.0
422,Rayo,Augusto Batalla,POR,upward,26.0,6.5,4.384062043356595,1.0,3.0,6.5,8.75,15.0,67.44710835933223,1.0
330,Leganés,Marko Dmitrovic,POR,upward,25.0,5.52,3.8957241517677645,-3.0,2.0,5.0,9.0,12.0,70.57471289434356,9.0
46,Sevilla,Örjan Nyland,POR,upward,24.0,5.5,3.934242095952563,-1.0,2.0,5.0,9.0,12.0,71.53167447186478,9.0
126,Valencia,Giorgi Mamardashvili,POR,upward,27.0,5.62962962962963,4.216708050200628,-3.0,2.0,6.0,8.5,14.0,74.90205089172169,10.0
286,Alavés,Antonio Sivera,POR,upward,25.0,3.92,3.7629775444453557,-2.0,1.0,5.0,6.0,13.0,95.99432511340194,5.0
333,Leganés,Juan Soriano,POR,upward,7.0,4.285714285714286,4.191828786034631,-3.0,3.0,5.0,5.5,11.0,97.80933834080805,3.0
